{
  "composition": {
    "Mo": 0.3487726531237903,
    "Nb": 0.06557864618299726,
    "Ta": 0.5533450191459622,
    "W": 0.03230368154725009
  },
  "composition_string": "Mo35Nb7Ta55W3",
  "run_number": 1,
  "calculator": "CHGNet",
  "model": "CHGNet-pretrained",
  "diffusing_element": "Ta",
  "E_initial_eV": -1458.8228759765625,
  "E_final_eV": -1459.1572265625,
  "forward_barrier_eV": 0.3056640625,
  "backward_barrier_eV": 0.6400146484375,
  "neb_energies_eV": [
    -1458.8228759765625,
    -1458.5172119140625,
    -1459.1572265625
  ],
  "neb_converged": true,
  "timing": {
    "initial_relax_s": 1.7651453018188477,
    "final_relax_s": 1.582073450088501,
    "neb_s": 2.4364168643951416,
    "total_s": 4.972689867019653
  },
  "timestamp": "2025-11-03 23:21:13"
}