{
  "composition": {
    "Mo": 0.16229228019570063,
    "Nb": 0.28026380867051465,
    "Ta": 0.4448264439732677,
    "W": 0.11261746716051686
  },
  "composition_string": "Mo16Nb28Ta44W11",
  "run_number": 1,
  "calculator": "CHGNet",
  "model": "CHGNet-pretrained",
  "diffusing_element": "Ta",
  "E_initial_eV": -1433.4385986328125,
  "E_final_eV": -1433.3016357421875,
  "forward_barrier_eV": 0.54150390625,
  "backward_barrier_eV": 0.404541015625,
  "neb_energies_eV": [
    -1433.4385986328125,
    -1432.8970947265625,
    -1433.3016357421875
  ],
  "neb_converged": true,
  "timing": {
    "initial_relax_s": 1.1164677143096924,
    "final_relax_s": 1.150158166885376,
    "neb_s": 1.0943362712860107,
    "total_s": 3.8181772232055664
  },
  "timestamp": "2025-11-03 23:22:46"
}