{
  "composition": {
    "Mo": 0.08681071250761284,
    "Nb": 0.36213357295183635,
    "Ta": 0.35546638136254416,
    "W": 0.19558933317800672
  },
  "composition_string": "Mo9Nb36Ta36W20",
  "run_number": 1,
  "calculator": "CHGNet",
  "model": "CHGNet-pretrained",
  "diffusing_element": "Ta",
  "E_initial_eV": -1435.3150634765625,
  "E_final_eV": -1435.0384521484375,
  "forward_barrier_eV": 0.7891845703125,
  "backward_barrier_eV": 0.5125732421875,
  "neb_energies_eV": [
    -1435.3150634765625,
    -1434.52587890625,
    -1435.0384521484375
  ],
  "neb_converged": true,
  "timing": {
    "initial_relax_s": 1.489738941192627,
    "final_relax_s": 1.4079563617706299,
    "neb_s": 2.7416017055511475,
    "total_s": 6.088993310928345
  },
  "timestamp": "2025-11-03 23:26:48"
}