{
  "composition": {
    "Mo": 0.15188537670745186,
    "Nb": 0.37997729359387594,
    "Ta": 0.32205896710416443,
    "W": 0.1460783625945078
  },
  "composition_string": "Mo15Nb38Ta32W15",
  "run_number": 1,
  "calculator": "CHGNet",
  "model": "CHGNet-pretrained",
  "diffusing_element": "Mo",
  "E_initial_eV": -1416.9075927734375,
  "E_final_eV": -1416.95458984375,
  "forward_barrier_eV": 0.656005859375,
  "backward_barrier_eV": 0.7030029296875,
  "neb_energies_eV": [
    -1416.9075927734375,
    -1416.2515869140625,
    -1416.95458984375
  ],
  "neb_converged": true,
  "timing": {
    "initial_relax_s": 1.662768840789795,
    "final_relax_s": 2.197213888168335,
    "neb_s": 3.017348051071167,
    "total_s": 7.320091962814331
  },
  "timestamp": "2025-11-03 23:24:19"
}