{
  "composition": {
    "Mo": 0.2677749509949707,
    "Nb": 0.4672576733364665,
    "Ta": 0.20646154737938874,
    "W": 0.058505828289174076
  },
  "composition_string": "Mo27Nb47Ta21W6",
  "run_number": 1,
  "calculator": "CHGNet",
  "model": "CHGNet-pretrained",
  "diffusing_element": "Ta",
  "E_initial_eV": -1369.732177734375,
  "E_final_eV": -1370.112548828125,
  "forward_barrier_eV": 0.164306640625,
  "backward_barrier_eV": 0.544677734375,
  "neb_energies_eV": [
    -1369.732177734375,
    -1369.56787109375,
    -1370.112548828125
  ],
  "neb_converged": true,
  "timing": {
    "initial_relax_s": 2.0484330654144287,
    "final_relax_s": 2.3699941635131836,
    "neb_s": 1.972208023071289,
    "total_s": 6.843485116958618
  },
  "timestamp": "2025-11-03 23:26:21"
}