{
  "composition": {
    "Mo": 0.36031890820498824,
    "Nb": 0.013069146532006195,
    "Ta": 0.08332253399580264,
    "W": 0.543289411267203
  },
  "composition_string": "Mo36Nb1Ta8W54",
  "run_number": 1,
  "calculator": "CHGNet",
  "model": "CHGNet-pretrained",
  "diffusing_element": "W",
  "E_initial_eV": -1517.758544921875,
  "E_final_eV": -1517.8897705078125,
  "forward_barrier_eV": 0.6160888671875,
  "backward_barrier_eV": 0.747314453125,
  "neb_energies_eV": [
    -1517.758544921875,
    -1517.1424560546875,
    -1517.8897705078125
  ],
  "neb_converged": true,
  "timing": {
    "initial_relax_s": 1.1047718524932861,
    "final_relax_s": 0.8061280250549316,
    "neb_s": 1.2082602977752686,
    "total_s": 3.615455389022827
  },
  "timestamp": "2025-11-03 23:22:31"
}