{
  "composition": {
    "Mo": 0.018447742048388106,
    "Nb": 0.167406144445,
    "Ta": 0.7391523565004892,
    "W": 0.07499375700612258
  },
  "composition_string": "Mo2Nb17Ta74W7",
  "run_number": 1,
  "calculator": "CHGNet",
  "model": "CHGNet-pretrained",
  "diffusing_element": "Ta",
  "E_initial_eV": -1463.16162109375,
  "E_final_eV": -1463.253173828125,
  "forward_barrier_eV": 0.303466796875,
  "backward_barrier_eV": 0.39501953125,
  "neb_energies_eV": [
    -1463.16162109375,
    -1462.858154296875,
    -1463.253173828125
  ],
  "neb_converged": true,
  "timing": {
    "initial_relax_s": 1.804776906967163,
    "final_relax_s": 1.4922103881835938,
    "neb_s": 1.7443318367004395,
    "total_s": 5.451989412307739
  },
  "timestamp": "2025-11-03 23:22:51"
}