{
  "composition": {
    "Mo": 0.21265102586762238,
    "Nb": 0.07400225348355635,
    "Ta": 0.3324997049126995,
    "W": 0.38084701573612184
  },
  "composition_string": "Mo21Nb7Ta33W38",
  "run_number": 1,
  "calculator": "CHGNet",
  "model": "CHGNet-pretrained",
  "diffusing_element": "Ta",
  "E_initial_eV": -1522.2548828125,
  "E_final_eV": -1522.1854248046875,
  "forward_barrier_eV": 0.4678955078125,
  "backward_barrier_eV": 0.3984375,
  "neb_energies_eV": [
    -1522.2548828125,
    -1521.7869873046875,
    -1522.1854248046875
  ],
  "neb_converged": true,
  "timing": {
    "initial_relax_s": 1.2654659748077393,
    "final_relax_s": 1.5555236339569092,
    "neb_s": 0.4963681697845459,
    "total_s": 3.7373743057250977
  },
  "timestamp": "2025-11-03 23:23:49"
}