{
  "composition": {
    "Mo": 0.1411162488624628,
    "Nb": 0.7174304128226852,
    "Ta": 0.12014042781210106,
    "W": 0.021312910502751
  },
  "composition_string": "Mo14Nb72Ta12W2",
  "run_number": 1,
  "calculator": "CHGNet",
  "model": "CHGNet-pretrained",
  "diffusing_element": "Nb",
  "E_initial_eV": -1316.9638671875,
  "E_final_eV": -1316.871337890625,
  "forward_barrier_eV": 0.4725341796875,
  "backward_barrier_eV": 0.3800048828125,
  "neb_energies_eV": [
    -1316.9638671875,
    -1316.4913330078125,
    -1316.871337890625
  ],
  "neb_converged": true,
  "timing": {
    "initial_relax_s": 1.9727270603179932,
    "final_relax_s": 1.8108909130096436,
    "neb_s": 1.2425012588500977,
    "total_s": 5.448837041854858
  },
  "timestamp": "2025-11-03 23:27:57"
}