{
  "composition": {
    "Mo": 0.1872488590783965,
    "Nb": 0.169003052629711,
    "Ta": 0.35010494159231537,
    "W": 0.2936431466995771
  },
  "composition_string": "Mo19Nb17Ta35W29",
  "run_number": 1,
  "calculator": "CHGNet",
  "model": "CHGNet-pretrained",
  "diffusing_element": "Nb",
  "E_initial_eV": -1487.51025390625,
  "E_final_eV": -1487.533447265625,
  "forward_barrier_eV": 0.4256591796875,
  "backward_barrier_eV": 0.44873046875,
  "neb_energies_eV": [
    -1487.5103759765625,
    -1487.084716796875,
    -1487.533447265625
  ],
  "neb_converged": true,
  "timing": {
    "initial_relax_s": 1.131119728088379,
    "final_relax_s": 1.1938815116882324,
    "neb_s": 2.0879430770874023,
    "total_s": 4.887656211853027
  },
  "timestamp": "2025-11-03 23:27:19"
}