{
  "composition": {
    "Mo": 0.18651014272769761,
    "Nb": 0.1388642581331689,
    "Ta": 0.33292701899244764,
    "W": 0.3416985801466858
  },
  "composition_string": "Mo19Nb14Ta33W34",
  "run_number": 1,
  "calculator": "CHGNet",
  "model": "CHGNet-pretrained",
  "diffusing_element": "Ta",
  "E_initial_eV": -1504.0615234375,
  "E_final_eV": -1503.4735107421875,
  "forward_barrier_eV": 0.8121337890625,
  "backward_barrier_eV": 0.22412109375,
  "neb_energies_eV": [
    -1504.0615234375,
    -1503.2493896484375,
    -1503.4735107421875
  ],
  "neb_converged": true,
  "timing": {
    "initial_relax_s": 2.1628522872924805,
    "final_relax_s": 2.311342239379883,
    "neb_s": 1.525965929031372,
    "total_s": 6.447190761566162
  },
  "timestamp": "2025-11-03 23:23:17"
}