{
  "composition": {
    "Mo": 0.07982511088235236,
    "Nb": 0.512038389408036,
    "Ta": 0.22398576258681618,
    "W": 0.15529660367057369,
    "O": 0.028854133452221646
  },
  "composition_string": "Mo8Nb51O3Ta22W16",
  "run_number": 1,
  "calculator": "CHGNet",
  "model": "CHGNet-pretrained",
  "diffusing_element": "O",
  "E_initial_eV": -1370.89453125,
  "E_final_eV": -1371.36474609375,
  "forward_barrier_eV": 5.566650390625,
  "backward_barrier_eV": 6.036865234375,
  "neb_energies_eV": [
    -1370.89453125,
    -1369.294189453125,
    -1368.6163330078125,
    -1365.327880859375,
    -1371.36474609375
  ],
  "neb_converged": true,
  "timing": {
    "initial_relax_s": 9.11340856552124,
    "final_relax_s": 5.408453702926636,
    "neb_s": 30.795263290405273,
    "total_s": 46.29848623275757
  },
  "timestamp": "2025-10-27 01:30:45"
}