{
  "composition": {
    "Mo": 0.35844361503652966,
    "Nb": 0.2331252248678852,
    "Ta": 0.2685499573995291,
    "W": 0.13988120269605606
  },
  "composition_string": "Mo36Nb23Ta27W14",
  "run_number": 1,
  "calculator": "CHGNet",
  "model": "CHGNet-pretrained",
  "diffusing_element": "Mo",
  "E_initial_eV": -1431.89404296875,
  "E_final_eV": -1431.875244140625,
  "forward_barrier_eV": 0.5164794921875,
  "backward_barrier_eV": 0.4976806640625,
  "neb_energies_eV": [
    -1431.89404296875,
    -1431.3775634765625,
    -1431.875244140625
  ],
  "neb_converged": true,
  "timing": {
    "initial_relax_s": 2.0451979637145996,
    "final_relax_s": 1.0323257446289062,
    "neb_s": 2.7310454845428467,
    "total_s": 6.224100589752197
  },
  "timestamp": "2025-11-03 23:28:27"
}