{
  "composition": {
    "Mo": 0.051306582053418086,
    "Nb": 0.7239221822595145,
    "Ta": 0.025243072396477904,
    "W": 0.19952816329058948
  },
  "composition_string": "Mo5Nb72Ta3W20",
  "run_number": 1,
  "calculator": "CHGNet",
  "model": "CHGNet-pretrained",
  "diffusing_element": "Nb",
  "E_initial_eV": -1351.3148193359375,
  "E_final_eV": -1351.113525390625,
  "forward_barrier_eV": 0.7769775390625,
  "backward_barrier_eV": 0.5755615234375,
  "neb_energies_eV": [
    -1351.3148193359375,
    -1350.537841796875,
    -1351.1134033203125
  ],
  "neb_converged": true,
  "timing": {
    "initial_relax_s": 1.2051851749420166,
    "final_relax_s": 1.1260170936584473,
    "neb_s": 2.051063299179077,
    "total_s": 4.834561109542847
  },
  "timestamp": "2025-11-03 23:20:35"
}