{
  "composition": {
    "Mo": 0.39232038550140574,
    "Nb": 0.09257714787848355,
    "Ta": 0.35722326895270906,
    "W": 0.15787919766740174
  },
  "composition_string": "Mo39Nb9Ta36W16",
  "run_number": 1,
  "calculator": "CHGNet",
  "model": "CHGNet-pretrained",
  "diffusing_element": "Ta",
  "E_initial_eV": -1465.1644287109375,
  "E_final_eV": -1465.0286865234375,
  "forward_barrier_eV": 0.2447509765625,
  "backward_barrier_eV": 0.1090087890625,
  "neb_energies_eV": [
    -1465.1644287109375,
    -1464.919677734375,
    -1465.0286865234375
  ],
  "neb_converged": true,
  "timing": {
    "initial_relax_s": 1.2793643474578857,
    "final_relax_s": 1.619093656539917,
    "neb_s": 2.8320634365081787,
    "total_s": 6.250699996948242
  },
  "timestamp": "2025-11-03 23:24:03"
}