{
  "composition": {
    "Mo": 0.35686038302737133,
    "Nb": 0.18790742024324708,
    "Ta": 0.39659580937966454,
    "W": 0.05863638734971707
  },
  "composition_string": "Mo36Nb19Ta40W6",
  "run_number": 1,
  "calculator": "CHGNet",
  "model": "CHGNet-pretrained",
  "diffusing_element": "Mo",
  "E_initial_eV": -1431.0360107421875,
  "E_final_eV": -1430.8380126953125,
  "forward_barrier_eV": 0.648681640625,
  "backward_barrier_eV": 0.45068359375,
  "neb_energies_eV": [
    -1431.0360107421875,
    -1430.3873291015625,
    -1430.8380126953125
  ],
  "neb_converged": true,
  "timing": {
    "initial_relax_s": 2.249671459197998,
    "final_relax_s": 1.6310296058654785,
    "neb_s": 1.5116376876831055,
    "total_s": 5.787158727645874
  },
  "timestamp": "2025-11-03 23:28:03"
}