{
  "composition": {
    "Mo": 0.34280080305970967,
    "Nb": 0.5707639680254563,
    "Ta": 0.031380173204033836,
    "W": 0.055055055710800146
  },
  "composition_string": "Mo34Nb57Ta3W6",
  "run_number": 1,
  "calculator": "CHGNet",
  "model": "CHGNet-pretrained",
  "diffusing_element": "Mo",
  "E_initial_eV": -1339.776611328125,
  "E_final_eV": -1339.502685546875,
  "forward_barrier_eV": 0.693603515625,
  "backward_barrier_eV": 0.419677734375,
  "neb_energies_eV": [
    -1339.776611328125,
    -1339.0830078125,
    -1339.502685546875
  ],
  "neb_converged": true,
  "timing": {
    "initial_relax_s": 2.385225772857666,
    "final_relax_s": 1.3014581203460693,
    "neb_s": 2.034594774246216,
    "total_s": 6.158003091812134
  },
  "timestamp": "2025-11-03 23:28:20"
}