{
  "composition": {
    "Mo": 0.6784879716255587,
    "Nb": 0.004149828565791981,
    "Ta": 0.1353341188700341,
    "W": 0.18202808093861508
  },
  "composition_string": "Mo68Nb0Ta14W18",
  "run_number": 1,
  "calculator": "CHGNet",
  "model": "CHGNet-pretrained",
  "diffusing_element": "W",
  "E_initial_eV": -1434.0416259765625,
  "E_final_eV": -1433.9229736328125,
  "forward_barrier_eV": 0.838134765625,
  "backward_barrier_eV": 0.719482421875,
  "neb_energies_eV": [
    -1434.0416259765625,
    -1433.2034912109375,
    -1433.9229736328125
  ],
  "neb_converged": true,
  "timing": {
    "initial_relax_s": 1.0603339672088623,
    "final_relax_s": 0.8733785152435303,
    "neb_s": 2.334566116333008,
    "total_s": 4.706765174865723
  },
  "timestamp": "2025-11-03 23:23:54"
}