{
  "composition": {
    "Mo": 0.48922224354881383,
    "Nb": 0.22486101052637505,
    "Ta": 0.0013766325697107768,
    "W": 0.2845401133551003
  },
  "composition_string": "Mo49Nb22Ta0W28",
  "run_number": 1,
  "calculator": "CHGNet",
  "model": "CHGNet-pretrained",
  "diffusing_element": "Mo",
  "E_initial_eV": -1425.2220458984375,
  "E_final_eV": -1425.2760009765625,
  "forward_barrier_eV": 0.5369873046875,
  "backward_barrier_eV": 0.5909423828125,
  "neb_energies_eV": [
    -1425.2220458984375,
    -1424.68505859375,
    -1425.2760009765625
  ],
  "neb_converged": true,
  "timing": {
    "initial_relax_s": 1.8939752578735352,
    "final_relax_s": 1.442725658416748,
    "neb_s": 5.000032424926758,
    "total_s": 8.304104328155518
  },
  "timestamp": "2025-11-03 23:20:17"
}