{
  "composition": {
    "Mo": 0.3657027110767536,
    "Nb": 0.005423968188262898,
    "Ta": 0.03145895250415082,
    "W": 0.5974143682308327
  },
  "composition_string": "Mo37Nb1Ta3W60",
  "run_number": 1,
  "calculator": "CHGNet",
  "model": "CHGNet-pretrained",
  "diffusing_element": "W",
  "E_initial_eV": -1521.812255859375,
  "E_final_eV": -1521.8807373046875,
  "forward_barrier_eV": 0.628173828125,
  "backward_barrier_eV": 0.696533203125,
  "neb_energies_eV": [
    -1521.8123779296875,
    -1521.1842041015625,
    -1521.8807373046875
  ],
  "neb_converged": true,
  "timing": {
    "initial_relax_s": 0.48430395126342773,
    "final_relax_s": 0.38611698150634766,
    "neb_s": 1.2665252685546875,
    "total_s": 2.609616279602051
  },
  "timestamp": "2025-11-03 23:24:11"
}