{
  "composition": {
    "Mo": 0.46326518358785784,
    "Nb": 0.0021020278891149,
    "Ta": 0.04457313295778714,
    "W": 0.49005965556524006
  },
  "composition_string": "Mo46Nb0Ta4W49",
  "run_number": 1,
  "calculator": "CHGNet",
  "model": "CHGNet-pretrained",
  "diffusing_element": "Mo",
  "E_initial_eV": -1496.888916015625,
  "E_final_eV": -1497.0152587890625,
  "forward_barrier_eV": 0.427734375,
  "backward_barrier_eV": 0.5540771484375,
  "neb_energies_eV": [
    -1496.888916015625,
    -1496.461181640625,
    -1497.0152587890625
  ],
  "neb_converged": true,
  "timing": {
    "initial_relax_s": 0.42693543434143066,
    "final_relax_s": 0.8710517883300781,
    "neb_s": 4.582012176513672,
    "total_s": 6.317239284515381
  },
  "timestamp": "2025-11-03 23:22:23"
}