{
  "composition": {
    "Mo": 0.24903622120469562,
    "Nb": 0.07146570765261734,
    "Ta": 0.0443501172744622,
    "W": 0.6351479538682248
  },
  "composition_string": "Mo25Nb7Ta4W64",
  "run_number": 1,
  "calculator": "CHGNet",
  "model": "CHGNet-pretrained",
  "diffusing_element": "W",
  "E_initial_eV": -1534.1202392578125,
  "E_final_eV": -1533.9571533203125,
  "forward_barrier_eV": 0.8233642578125,
  "backward_barrier_eV": 0.6602783203125,
  "neb_energies_eV": [
    -1534.1202392578125,
    -1533.296875,
    -1533.9571533203125
  ],
  "neb_converged": true,
  "timing": {
    "initial_relax_s": 0.8971381187438965,
    "final_relax_s": 0.7371289730072021,
    "neb_s": 2.097928524017334,
    "total_s": 4.130889415740967
  },
  "timestamp": "2025-11-03 23:21:08"
}