{
  "composition": {
    "Mo": 0.4898471982273098,
    "Nb": 0.06608378850478738,
    "Ta": 0.2831753233836567,
    "W": 0.16089368988424613
  },
  "composition_string": "Mo49Nb7Ta28W16",
  "run_number": 1,
  "calculator": "CHGNet",
  "model": "CHGNet-pretrained",
  "diffusing_element": "Ta",
  "E_initial_eV": -1458.07861328125,
  "E_final_eV": -1458.2100830078125,
  "forward_barrier_eV": 0.4549560546875,
  "backward_barrier_eV": 0.58642578125,
  "neb_energies_eV": [
    -1458.07861328125,
    -1457.6236572265625,
    -1458.2100830078125
  ],
  "neb_converged": true,
  "timing": {
    "initial_relax_s": 1.4652819633483887,
    "final_relax_s": 1.9515275955200195,
    "neb_s": 2.623729705810547,
    "total_s": 6.538341522216797
  },
  "timestamp": "2025-11-03 23:26:33"
}