{
  "composition": {
    "Mo": 0.07106796844872103,
    "Nb": 0.07985185089460957,
    "Ta": 0.6153511104803877,
    "W": 0.2337290701762818
  },
  "composition_string": "Mo7Nb8Ta62W23",
  "run_number": 1,
  "calculator": "CHGNet",
  "model": "CHGNet-pretrained",
  "diffusing_element": "Ta",
  "E_initial_eV": -1511.137939453125,
  "E_final_eV": -1511.183349609375,
  "forward_barrier_eV": 0.16845703125,
  "backward_barrier_eV": 0.2138671875,
  "neb_energies_eV": [
    -1511.137939453125,
    -1510.969482421875,
    -1511.183349609375
  ],
  "neb_converged": true,
  "timing": {
    "initial_relax_s": 2.4357614517211914,
    "final_relax_s": 1.812645435333252,
    "neb_s": 1.9922900199890137,
    "total_s": 6.690673112869263
  },
  "timestamp": "2025-11-03 23:23:40"
}