{
  "composition": {
    "Mo": 0.3118390058444995,
    "Nb": 0.6467260365146159,
    "Ta": 0.003387256474841748,
    "W": 0.03804770116604293
  },
  "composition_string": "Mo31Nb65Ta0W4",
  "run_number": 1,
  "calculator": "CHGNet",
  "model": "CHGNet-pretrained",
  "diffusing_element": "Nb",
  "E_initial_eV": -1321.4857177734375,
  "E_final_eV": -1321.4493408203125,
  "forward_barrier_eV": 0.34423828125,
  "backward_barrier_eV": 0.307861328125,
  "neb_energies_eV": [
    -1321.4857177734375,
    -1321.1414794921875,
    -1321.4493408203125
  ],
  "neb_converged": true,
  "timing": {
    "initial_relax_s": 1.2999498844146729,
    "final_relax_s": 1.643277883529663,
    "neb_s": 1.7615375518798828,
    "total_s": 5.132339954376221
  },
  "timestamp": "2025-11-03 23:20:23"
}