{
  "composition": {
    "Mo": 0.2724981313829402,
    "Nb": 0.1790686287503218,
    "Ta": 0.24709282273165206,
    "W": 0.3013404171350859
  },
  "composition_string": "Mo27Nb18Ta25W30",
  "run_number": 1,
  "calculator": "CHGNet",
  "model": "CHGNet-pretrained",
  "diffusing_element": "Ta",
  "E_initial_eV": -1473.158203125,
  "E_final_eV": -1473.0457763671875,
  "forward_barrier_eV": 0.5648193359375,
  "backward_barrier_eV": 0.4525146484375,
  "neb_energies_eV": [
    -1473.158203125,
    -1472.5933837890625,
    -1473.0458984375
  ],
  "neb_converged": true,
  "timing": {
    "initial_relax_s": 0.9584803581237793,
    "final_relax_s": 0.9810917377471924,
    "neb_s": 2.230471134185791,
    "total_s": 4.572584867477417
  },
  "timestamp": "2025-11-03 23:27:06"
}