{
  "composition": {
    "Mo": 0.5126926115365402,
    "Nb": 0.2673591202209033,
    "Ta": 0.13124416437064107,
    "W": 0.08870410387191528
  },
  "composition_string": "Mo51Nb27Ta13W9",
  "run_number": 1,
  "calculator": "CHGNet",
  "model": "CHGNet-pretrained",
  "diffusing_element": "Mo",
  "E_initial_eV": -1395.344970703125,
  "E_final_eV": -1395.3203125,
  "forward_barrier_eV": 0.537353515625,
  "backward_barrier_eV": 0.5126953125,
  "neb_energies_eV": [
    -1395.344970703125,
    -1394.8076171875,
    -1395.3203125
  ],
  "neb_converged": true,
  "timing": {
    "initial_relax_s": 1.157383680343628,
    "final_relax_s": 1.4383881092071533,
    "neb_s": 2.38859486579895,
    "total_s": 5.4476141929626465
  },
  "timestamp": "2025-11-03 23:24:48"
}