{
  "composition": {
    "Mo": 0.20611448630349172,
    "Nb": 0.3492992646507365,
    "Ta": 0.2191344430677284,
    "W": 0.22545180597804343
  },
  "composition_string": "Mo21Nb35Ta22W23",
  "run_number": 1,
  "calculator": "CHGNet",
  "model": "CHGNet-pretrained",
  "diffusing_element": "Nb",
  "E_initial_eV": -1431.6622314453125,
  "E_final_eV": -1431.383056640625,
  "forward_barrier_eV": 0.2791748046875,
  "backward_barrier_eV": 0.0,
  "neb_energies_eV": [
    -1431.6622314453125,
    -1431.386474609375,
    -1431.383056640625
  ],
  "neb_converged": true,
  "timing": {
    "initial_relax_s": 2.4558515548706055,
    "final_relax_s": 2.4093751907348633,
    "neb_s": 3.3409037590026855,
    "total_s": 8.71781039237976
  },
  "timestamp": "2025-11-03 23:25:20"
}