{
  "composition": {
    "Mo": 0.2009899202920012,
    "Nb": 0.035895063684839884,
    "Ta": 0.3522912952813181,
    "W": 0.41082372074184076
  },
  "composition_string": "Mo20Nb4Ta35W41",
  "run_number": 1,
  "calculator": "CHGNet",
  "model": "CHGNet-pretrained",
  "diffusing_element": "Mo",
  "E_initial_eV": -1532.1744384765625,
  "E_final_eV": -1532.1103515625,
  "forward_barrier_eV": 0.57470703125,
  "backward_barrier_eV": 0.5106201171875,
  "neb_energies_eV": [
    -1532.1744384765625,
    -1531.5997314453125,
    -1532.1103515625
  ],
  "neb_converged": true,
  "timing": {
    "initial_relax_s": 1.0278632640838623,
    "final_relax_s": 1.028085708618164,
    "neb_s": 1.815070390701294,
    "total_s": 4.440988779067993
  },
  "timestamp": "2025-11-03 23:20:46"
}