{
  "composition": {
    "Mo": 0.18141082082736126,
    "Nb": 0.22915792781805563,
    "Ta": 0.24676852642849634,
    "W": 0.3426627249260868
  },
  "composition_string": "Mo18Nb23Ta25W34",
  "run_number": 1,
  "calculator": "CHGNet",
  "model": "CHGNet-pretrained",
  "diffusing_element": "W",
  "E_initial_eV": -1481.568359375,
  "E_final_eV": -1481.400146484375,
  "forward_barrier_eV": 0.717041015625,
  "backward_barrier_eV": 0.548828125,
  "neb_energies_eV": [
    -1481.568359375,
    -1480.851318359375,
    -1481.400146484375
  ],
  "neb_converged": true,
  "timing": {
    "initial_relax_s": 1.7364938259124756,
    "final_relax_s": 2.2060720920562744,
    "neb_s": 2.8376691341400146,
    "total_s": 7.241691589355469
  },
  "timestamp": "2025-11-03 23:23:10"
}