{
  "composition": {
    "Mo": 0.2158766992677285,
    "Nb": 0.23716725323898163,
    "Ta": 0.5215298165809298,
    "W": 0.025426230912360192
  },
  "composition_string": "Mo22Nb24Ta52W3",
  "run_number": 1,
  "calculator": "CHGNet",
  "model": "CHGNet-pretrained",
  "diffusing_element": "Nb",
  "E_initial_eV": -1425.6260986328125,
  "E_final_eV": -1425.6396484375,
  "forward_barrier_eV": 0.3465576171875,
  "backward_barrier_eV": 0.360107421875,
  "neb_energies_eV": [
    -1425.6260986328125,
    -1425.279541015625,
    -1425.6396484375
  ],
  "neb_converged": true,
  "timing": {
    "initial_relax_s": 1.7159967422485352,
    "final_relax_s": 1.7717738151550293,
    "neb_s": 2.1253244876861572,
    "total_s": 6.0753395557403564
  },
  "timestamp": "2025-11-03 23:23:03"
}