{
  "composition": {
    "Mo": 0.4341684457819191,
    "Nb": 0.07552368111838528,
    "Ta": 0.29438552452604494,
    "W": 0.1959223485736508
  },
  "composition_string": "Mo43Nb8Ta29W20",
  "run_number": 1,
  "calculator": "CHGNet",
  "model": "CHGNet-pretrained",
  "diffusing_element": "Ta",
  "E_initial_eV": -1463.0,
  "E_final_eV": -1462.9871826171875,
  "forward_barrier_eV": 0.2987060546875,
  "backward_barrier_eV": 0.2860107421875,
  "neb_energies_eV": [
    -1462.9998779296875,
    -1462.701171875,
    -1462.9871826171875
  ],
  "neb_converged": true,
  "timing": {
    "initial_relax_s": 2.0048747062683105,
    "final_relax_s": 1.5218040943145752,
    "neb_s": 1.9523932933807373,
    "total_s": 6.000694274902344
  },
  "timestamp": "2025-11-03 23:23:23"
}