{
  "composition": {
    "Mo": 0.5359983307507141,
    "Nb": 0.19377973082651712,
    "Ta": 0.14261891310258565,
    "W": 0.12760302532018314
  },
  "composition_string": "Mo54Nb19Ta14W13",
  "run_number": 1,
  "calculator": "CHGNet",
  "model": "CHGNet-pretrained",
  "diffusing_element": "W",
  "E_initial_eV": -1412.63916015625,
  "E_final_eV": -1412.5384521484375,
  "forward_barrier_eV": 0.7509765625,
  "backward_barrier_eV": 0.6502685546875,
  "neb_energies_eV": [
    -1412.63916015625,
    -1411.88818359375,
    -1412.5384521484375
  ],
  "neb_converged": true,
  "timing": {
    "initial_relax_s": 1.9679253101348877,
    "final_relax_s": 1.0755939483642578,
    "neb_s": 2.5961530208587646,
    "total_s": 6.167015314102173
  },
  "timestamp": "2025-11-03 23:27:52"
}