{
  "composition": {
    "Mo": 0.0755091545237501,
    "Nb": 0.5570442535405237,
    "Ta": 0.14385457619953698,
    "W": 0.2235920157361892
  },
  "composition_string": "Mo8Nb56Ta14W22",
  "run_number": 1,
  "calculator": "CHGNet",
  "model": "CHGNet-pretrained",
  "diffusing_element": "Mo",
  "E_initial_eV": -1393.8599853515625,
  "E_final_eV": -1394.0765380859375,
  "forward_barrier_eV": 0.6656494140625,
  "backward_barrier_eV": 0.8822021484375,
  "neb_energies_eV": [
    -1393.8599853515625,
    -1393.1943359375,
    -1394.0765380859375
  ],
  "neb_converged": true,
  "timing": {
    "initial_relax_s": 1.2704358100891113,
    "final_relax_s": 1.6475224494934082,
    "neb_s": 4.520414352416992,
    "total_s": 7.836919546127319
  },
  "timestamp": "2025-11-03 23:27:14"
}