{
  "composition": {
    "Mo": 0.096405117985954,
    "Nb": 0.12427803540262694,
    "Ta": 0.3718882619072557,
    "W": 0.4074285847041635
  },
  "composition_string": "Mo10Nb12Ta37W41",
  "run_number": 1,
  "calculator": "CHGNet",
  "model": "CHGNet-pretrained",
  "diffusing_element": "Ta",
  "E_initial_eV": -1526.420654296875,
  "E_final_eV": -1526.3687744140625,
  "forward_barrier_eV": 0.43115234375,
  "backward_barrier_eV": 0.37939453125,
  "neb_energies_eV": [
    -1526.420654296875,
    -1525.989501953125,
    -1526.368896484375
  ],
  "neb_converged": true,
  "timing": {
    "initial_relax_s": 1.9756829738616943,
    "final_relax_s": 2.3815805912017822,
    "neb_s": 2.898690938949585,
    "total_s": 7.7600579261779785
  },
  "timestamp": "2025-11-03 23:21:04"
}