{
  "composition": {
    "Mo": 0.5524741314722429,
    "Nb": 0.16533572942152233,
    "Ta": 0.05776107952623273,
    "W": 0.22442905958000217
  },
  "composition_string": "Mo55Nb17Ta6W22",
  "run_number": 1,
  "calculator": "CHGNet",
  "model": "CHGNet-pretrained",
  "diffusing_element": "Mo",
  "E_initial_eV": -1422.5701904296875,
  "E_final_eV": -1422.6041259765625,
  "forward_barrier_eV": 0.5338134765625,
  "backward_barrier_eV": 0.5677490234375,
  "neb_energies_eV": [
    -1422.5701904296875,
    -1422.036376953125,
    -1422.6041259765625
  ],
  "neb_converged": true,
  "timing": {
    "initial_relax_s": 0.7977659702301025,
    "final_relax_s": 0.949653148651123,
    "neb_s": 1.0721843242645264,
    "total_s": 3.255783796310425
  },
  "timestamp": "2025-11-03 23:21:26"
}