{
  "composition": {
    "Mo": 0.34521153426453516,
    "Nb": 0.5063763414037746,
    "Ta": 0.011572239781026311,
    "W": 0.13683988455066387
  },
  "composition_string": "Mo35Nb51Ta1W14",
  "run_number": 1,
  "calculator": "CHGNet",
  "model": "CHGNet-pretrained",
  "diffusing_element": "Mo",
  "E_initial_eV": -1365.4293212890625,
  "E_final_eV": -1365.3824462890625,
  "forward_barrier_eV": 0.482421875,
  "backward_barrier_eV": 0.435546875,
  "neb_energies_eV": [
    -1365.4293212890625,
    -1364.9468994140625,
    -1365.3824462890625
  ],
  "neb_converged": true,
  "timing": {
    "initial_relax_s": 1.3191795349121094,
    "final_relax_s": 1.6876046657562256,
    "neb_s": 3.9107489585876465,
    "total_s": 7.386290073394775
  },
  "timestamp": "2025-11-03 23:24:42"
}